﻿{"cameraMode":{"drawMode":0,"name":"Shaded","section":"Shading Mode"},"sceneLighting":true,"audioPlay":false,"sceneViewState":{"showFog":true,"showMaterialUpdate":false,"showSkybox":true,"showFlares":true,"showImageEffects":true,"showParticleSystems":true},"in2DMode":false,"pivot":{"x":-4.861232757568359,"y":-2.193782329559326,"z":-10.25838565826416},"rotation":{"x":-0.05302547663450241,"y":0.8663171529769898,"z":-0.09419939666986466,"w":-0.4876570701599121},"size":17.57769775390625,"orthographic":false}