﻿{"cameraMode":{"drawMode":0,"name":"Shaded","section":"Shading Mode"},"sceneLighting":false,"audioPlay":false,"sceneViewState":{"showFog":true,"showMaterialUpdate":false,"showSkybox":true,"showFlares":true,"showImageEffects":true,"showParticleSystems":true},"in2DMode":false,"pivot":{"x":3.0,"y":1.2859954833984376,"z":0.04186713695526123},"rotation":{"x":-0.05302547663450241,"y":0.8663171529769898,"z":-0.09419939666986466,"w":-0.4876570701599121},"size":4.5628862380981449,"orthographic":false}