﻿{"cameraMode":{"drawMode":0,"name":"Shaded","section":"Shading Mode"},"sceneLighting":false,"audioPlay":false,"sceneViewState":{"showFog":true,"showMaterialUpdate":false,"showSkybox":true,"showFlares":true,"showImageEffects":true,"showParticleSystems":true},"in2DMode":false,"pivot":{"x":-14.821942329406739,"y":1.4732533693313599,"z":7.5370073318481449},"rotation":{"x":-0.0012351119657978416,"y":0.7308681607246399,"z":-0.0013229702599346638,"w":-0.68251633644104},"size":15.854445457458496,"orthographic":false}