﻿{"cameraMode":{"drawMode":0,"name":"Shaded","section":"Shading Mode"},"sceneLighting":false,"audioPlay":false,"sceneViewState":{"showFog":true,"showMaterialUpdate":false,"showSkybox":true,"showFlares":true,"showImageEffects":true,"showParticleSystems":true},"in2DMode":false,"pivot":{"x":1.1920928955078126e-7,"y":0.5,"z":-2.384185791015625e-7},"rotation":{"x":-0.05302547663450241,"y":0.8663171529769898,"z":-0.09419939666986466,"w":-0.4876570701599121},"size":6.803124904632568,"orthographic":false}